[{"__symbolic":"module","version":4,"metadata":{"IFile":{"__symbolic":"interface"},"LocalFileSystem":{"__symbolic":"interface"},"Metadata":{"__symbolic":"interface"},"Flags":{"__symbolic":"interface"},"FileSystem":{"__symbolic":"interface"},"Entry":{"__symbolic":"interface"},"DirectoryEntry":{"__symbolic":"interface"},"DirectoryReader":{"__symbolic":"interface"},"FileEntry":{"__symbolic":"interface"},"FileSystemCallback":{"__symbolic":"interface"},"EntryCallback":{"__symbolic":"interface"},"FileEntryCallback":{"__symbolic":"interface"},"DirectoryEntryCallback":{"__symbolic":"interface"},"EntriesCallback":{"__symbolic":"interface"},"MetadataCallback":{"__symbolic":"interface"},"FileWriterCallback":{"__symbolic":"interface"},"FileCallback":{"__symbolic":"interface"},"VoidCallback":{"__symbolic":"interface"},"ErrorCallback":{"__symbolic":"interface"},"RemoveResult":{"__symbolic":"interface"},"FileSaver":{"__symbolic":"class","extends":{"__symbolic":"reference","name":"EventTarget"},"members":{"__ctor__":[{"__symbolic":"constructor","parameters":[{"__symbolic":"error","message":"Could not resolve type","line":466,"character":20,"context":{"typeName":"Blob"}}]},{"__symbolic":"constructor","parameters":[{"__symbolic":"error","message":"Could not resolve type","line":547,"character":20,"context":{"typeName":"Blob"}}]}],"abort":[{"__symbolic":"method"},{"__symbolic":"method"}]}},"FileWriter":{"__symbolic":"class","extends":{"__symbolic":"reference","name":"FileSaver"},"members":{"write":[{"__symbolic":"method"}],"seek":[{"__symbolic":"method"}],"truncate":[{"__symbolic":"method"}]}},"IWriteOptions":{"__symbolic":"interface"},"FileError":{"__symbolic":"class","members":{"__ctor__":[{"__symbolic":"constructor","parameters":[{"__symbolic":"reference","name":"number"}]}]},"statics":{"NOT_FOUND_ERR":{"__symbolic":"error","message":"Variable not initialized","line":614,"character":9},"SECURITY_ERR":{"__symbolic":"error","message":"Variable not initialized","line":615,"character":9},"ABORT_ERR":{"__symbolic":"error","message":"Variable not initialized","line":616,"character":9},"NOT_READABLE_ERR":{"__symbolic":"error","message":"Variable not initialized","line":617,"character":9},"ENCODING_ERR":{"__symbolic":"error","message":"Variable not initialized","line":618,"character":9},"NO_MODIFICATION_ALLOWED_ERR":{"__symbolic":"error","message":"Variable not initialized","line":619,"character":9},"INVALID_STATE_ERR":{"__symbolic":"error","message":"Variable not initialized","line":620,"character":9},"SYNTAX_ERR":{"__symbolic":"error","message":"Variable not initialized","line":621,"character":9},"INVALID_MODIFICATION_ERR":{"__symbolic":"error","message":"Variable not initialized","line":622,"character":9},"QUOTA_EXCEEDED_ERR":{"__symbolic":"error","message":"Variable not initialized","line":623,"character":9},"TYPE_MISMATCH_ERR":{"__symbolic":"error","message":"Variable not initialized","line":624,"character":9},"PATH_EXISTS_ERR":{"__symbolic":"error","message":"Variable not initialized","line":625,"character":9}}},"FileReader":{"__symbolic":"class","members":{"abort":[{"__symbolic":"method"}],"readAsText":[{"__symbolic":"method"}],"readAsDataURL":[{"__symbolic":"method"}],"readAsBinaryString":[{"__symbolic":"method"}],"readAsArrayBuffer":[{"__symbolic":"method"}]},"statics":{"EMPTY":{"__symbolic":"error","message":"Variable not initialized","line":635,"character":9},"LOADING":{"__symbolic":"error","message":"Variable not initialized","line":636,"character":9},"DONE":{"__symbolic":"error","message":"Variable not initialized","line":637,"character":9},"READ_CHUNK_SIZE":{"__symbolic":"error","message":"Variable not initialized","line":638,"character":9}}},"File":{"__symbolic":"class","extends":{"__symbolic":"reference","module":"@ionic-native/core","name":"IonicNativePlugin","line":711,"character":26},"decorators":[{"__symbolic":"call","expression":{"__symbolic":"reference","module":"@angular/core","name":"Injectable","line":710,"character":1}}],"members":{"applicationDirectory":[{"__symbolic":"property"}],"applicationStorageDirectory":[{"__symbolic":"property"}],"dataDirectory":[{"__symbolic":"property"}],"cacheDirectory":[{"__symbolic":"property"}],"externalApplicationStorageDirectory":[{"__symbolic":"property"}],"externalDataDirectory":[{"__symbolic":"property"}],"externalCacheDirectory":[{"__symbolic":"property"}],"externalRootDirectory":[{"__symbolic":"property"}],"tempDirectory":[{"__symbolic":"property"}],"syncedDataDirectory":[{"__symbolic":"property"}],"documentsDirectory":[{"__symbolic":"property"}],"sharedDirectory":[{"__symbolic":"property"}],"getFreeDiskSpace":[{"__symbolic":"method"}],"checkDir":[{"__symbolic":"method"}],"createDir":[{"__symbolic":"method"}],"removeDir":[{"__symbolic":"method"}],"moveDir":[{"__symbolic":"method"}],"copyDir":[{"__symbolic":"method"}],"listDir":[{"__symbolic":"method"}],"removeRecursively":[{"__symbolic":"method"}],"checkFile":[{"__symbolic":"method"}],"createFile":[{"__symbolic":"method"}],"removeFile":[{"__symbolic":"method"}],"writeFile":[{"__symbolic":"method"}],"writeFileEntry":[{"__symbolic":"method"}],"writeExistingFile":[{"__symbolic":"method"}],"readAsText":[{"__symbolic":"method"}],"readAsDataURL":[{"__symbolic":"method"}],"readAsBinaryString":[{"__symbolic":"method"}],"readAsArrayBuffer":[{"__symbolic":"method"}],"moveFile":[{"__symbolic":"method"}],"copyFile":[{"__symbolic":"method"}],"fillErrorMessage":[{"__symbolic":"method"}],"resolveLocalFilesystemUrl":[{"__symbolic":"method"}],"resolveDirectoryUrl":[{"__symbolic":"method"}],"getDirectory":[{"__symbolic":"method"}],"getFile":[{"__symbolic":"method"}],"readFile":[{"__symbolic":"method"}],"remove":[{"__symbolic":"method"}],"move":[{"__symbolic":"method"}],"copy":[{"__symbolic":"method"}],"readEntries":[{"__symbolic":"method"}],"rimraf":[{"__symbolic":"method"}],"createWriter":[{"__symbolic":"method"}],"write":[{"__symbolic":"method"}],"writeFileInChunks":[{"__symbolic":"method"}]}}}}]
