[{"__symbolic":"module","version":4,"metadata":{"FileUploadOptions":{"__symbolic":"interface"},"FileUploadResult":{"__symbolic":"interface"},"FileTransferError":{"__symbolic":"interface"},"FileTransfer":{"__symbolic":"class","extends":{"__symbolic":"reference","module":"@ionic-native/core","name":"IonicNativePlugin","line":192,"character":34},"decorators":[{"__symbolic":"call","expression":{"__symbolic":"reference","module":"@angular/core","name":"Injectable","line":191,"character":1}}],"members":{"create":[{"__symbolic":"method"}]}},"FileTransferObject":{"__symbolic":"class","members":{"__ctor__":[{"__symbolic":"constructor"}],"upload":[{"__symbolic":"method"}],"download":[{"__symbolic":"method"}],"onProgress":[{"__symbolic":"method"}],"abort":[{"__symbolic":"method"}]}}}}]
