[{"__symbolic":"module","version":4,"metadata":{"DocumentViewerOptions":{"__symbolic":"interface"},"DocumentViewer":{"__symbolic":"class","extends":{"__symbolic":"reference","module":"@ionic-native/core","name":"IonicNativePlugin","line":63,"character":36},"decorators":[{"__symbolic":"call","expression":{"__symbolic":"reference","module":"@angular/core","name":"Injectable","line":62,"character":1}}],"members":{"getSupportInfo":[{"__symbolic":"method"}],"canViewDocument":[{"__symbolic":"method"}],"viewDocument":[{"__symbolic":"method"}]}}}}]
