{
  "name": "pdfjs-dist",
  "version": "2.0.385",
  "main": [
    "build/pdf.js",
    "build/pdf.worker.js"
  ],
  "ignore": [],
  "keywords": [
    "Mozilla",
    "pdf",
    "pdf.js"
  ],
  "homepage": "https://github.com/mozilla/pdfjs-dist",
  "_release": "2.0.385",
  "_resolution": {
    "type": "version",
    "tag": "v2.0.385",
    "commit": "535842b2765b10220a4a3961bd5450bdcbcac899"
  },
  "_source": "https://github.com/mozilla/pdfjs-dist.git",
  "_target": "*",
  "_originalSource": "pdfjs-dist"
}